checked_at_utc	source_version	source_sha256	action	release_tag	note
2026-03-28T03:37:09Z	26.325.31654	681a12ac481a3100fbf402c51e156830c65a0bf6f6cc51885e68df74686bdb7b	released	v26.325.31654-x64-20260328	new_upstream_artifact
2026-03-29T03:55:01Z	26.325.31654	681a12ac481a3100fbf402c51e156830c65a0bf6f6cc51885e68df74686bdb7b	no_update	v26.325.31654-x64-20260328	existing_release_found:v26.325.31654-x64-20260328
2026-03-30T04:08:32Z	26.325.31654	681a12ac481a3100fbf402c51e156830c65a0bf6f6cc51885e68df74686bdb7b	no_update	v26.325.31654-x64-20260328	existing_release_found:v26.325.31654-x64-20260328
2026-03-31T03:50:46Z	26.325.31654	681a12ac481a3100fbf402c51e156830c65a0bf6f6cc51885e68df74686bdb7b	no_update	v26.325.31654-x64-20260328	existing_release_found:v26.325.31654-x64-20260328
2026-04-01T04:12:20Z	26.325.31654	681a12ac481a3100fbf402c51e156830c65a0bf6f6cc51885e68df74686bdb7b	no_update	v26.325.31654-x64-20260328	existing_release_found:v26.325.31654-x64-20260328
2026-04-02T03:43:53Z	26.325.31654	681a12ac481a3100fbf402c51e156830c65a0bf6f6cc51885e68df74686bdb7b	no_update	v26.325.31654-x64-20260328	existing_release_found:v26.325.31654-x64-20260328
2026-04-03T03:46:11Z	26.325.31654	681a12ac481a3100fbf402c51e156830c65a0bf6f6cc51885e68df74686bdb7b	no_update	v26.325.31654-x64-20260328	existing_release_found:v26.325.31654-x64-20260328
2026-04-04T03:33:56Z	26.325.31654	681a12ac481a3100fbf402c51e156830c65a0bf6f6cc51885e68df74686bdb7b	no_update	v26.325.31654-x64-20260328	existing_release_found:v26.325.31654-x64-20260328
2026-04-05T03:54:16Z	26.325.31654	681a12ac481a3100fbf402c51e156830c65a0bf6f6cc51885e68df74686bdb7b	no_update	v26.325.31654-x64-20260328	existing_release_found:v26.325.31654-x64-20260328
2026-04-06T03:58:15Z	26.325.31654	681a12ac481a3100fbf402c51e156830c65a0bf6f6cc51885e68df74686bdb7b	no_update	v26.325.31654-x64-20260328	existing_release_found:v26.325.31654-x64-20260328
2026-04-07T03:49:39Z	26.325.31654	681a12ac481a3100fbf402c51e156830c65a0bf6f6cc51885e68df74686bdb7b	no_update	v26.325.31654-x64-20260328	existing_release_found:v26.325.31654-x64-20260328
2026-04-08T03:51:55Z	26.325.31654	681a12ac481a3100fbf402c51e156830c65a0bf6f6cc51885e68df74686bdb7b	no_update	v26.325.31654-x64-20260328	existing_release_found:v26.325.31654-x64-20260328
2026-04-09T03:48:08Z	26.406.31014	571895e9391b0b2f1070f509e7388dcf33e7fc6492f9049f224228bbde327ba0	released	v26.406.31014-x64-20260409	new_upstream_artifact
2026-04-10T04:08:42Z	26.406.31014	571895e9391b0b2f1070f509e7388dcf33e7fc6492f9049f224228bbde327ba0	no_update	v26.406.31014-x64-20260409	existing_release_found:v26.406.31014-x64-20260409
2026-04-11T03:37:55Z	26.409.20454	b9239e3fb228ccf879e042b23f2470435c53c1f2fc9484ad592dbb89b83b8abf	released	v26.409.20454-x64-20260411	new_upstream_artifact
2026-04-12T04:11:19Z	26.409.20454	b9239e3fb228ccf879e042b23f2470435c53c1f2fc9484ad592dbb89b83b8abf	no_update	v26.409.20454-x64-20260411	existing_release_found:v26.409.20454-x64-20260411
2026-04-13T04:20:47Z	26.409.20454	b9239e3fb228ccf879e042b23f2470435c53c1f2fc9484ad592dbb89b83b8abf	no_update	v26.409.20454-x64-20260411	existing_release_found:v26.409.20454-x64-20260411
2026-04-14T04:10:21Z	26.409.20454	b9239e3fb228ccf879e042b23f2470435c53c1f2fc9484ad592dbb89b83b8abf	no_update	v26.409.20454-x64-20260411	existing_release_found:v26.409.20454-x64-20260411
2026-04-15T04:09:05Z	26.409.20454	b9239e3fb228ccf879e042b23f2470435c53c1f2fc9484ad592dbb89b83b8abf	no_update	v26.409.20454-x64-20260411	existing_release_found:v26.409.20454-x64-20260411
